session_id,rate,duration
1643945624.8278995,189.0,45.3968253968254
1643945727.7916176,325.0,26.4
1643947210.784319,216.0,39.72222222222223
1643952180.6084487,246.0,34.8780487804878
1643956682.280475,234.0,36.66666666666667
1644311285.2436893,378.0,22.6984126984127
1644311373.9278276,383.0,22.40208877284595
